{"아시아나항공_890": {"outbound": {"departure_airport": "CJU", "departure": "08:20", "arrival_airport": "GMP", "arrival": "09:30", "operator": "아시아나항공", "duration": "1:10 ", "flightsNo": "아시아나항공_890", "aircraft": " Airbus A321-100/200 "}, "price": "19000", "roundtrip": false, "currency": "KRW"}, "대한항공_120": {"outbound": {"departure_airport": "CJU", "departure": "08:00", "arrival_airport": "GMP", "arrival": "09:10", "operator": "대한항공", "duration": "1:10 ", "flightsNo": "대한항공_120", "aircraft": " Boeing 737-900 "}, "price": "19000", "roundtrip": false, "currency": "KRW"}, "아시아나항공_891": {"outbound": {"departure_airport": "CJU", "departure": "09:50", "arrival_airport": "GMP", "arrival": "11:00", "operator": "아시아나항공", "duration": "1:10 ", "flightsNo": "아시아나항공_891", "aircraft": " Airbus A321-100/200 "}, "price": "19000", "roundtrip": false, "currency": "KRW"}, "대한항공_121": {"outbound": {"departure_airport": "CJU", "departure": "10:10", "arrival_airport": "GMP", "arrival": "11:20", "operator": "대한항공", "duration": "1:10 ", "flightsNo": "대한항공_121", "aircraft": " Boeing 737-900 "}, "price": "19000", "roundtrip": false, "currency": "KRW"}, "아시아나항공_892": {"outbound": {"departure_airport": "CJU", "departure": "12:10", "arrival_airport": "GMP", "arrival": "13:20", "operator": "아시아나항공", "duration": "1:10 ", "flightsNo": "아시아나항공_892", "aircraft": " Airbus A321-100/200 "}, "price": "19000", "roundtrip": false, "currency": "KRW"}}