{"에어부산_810": {"outbound": {"departure_airport": "CJU", "departure": "09:15", "arrival_airport": "PUS", "arrival": "10:15", "operator": "에어부산", "duration": "1:00 ", "flightsNo": "에어부산_810", "aircraft": " Airbus A321-100/200 "}, "price": "18050", "roundtrip": false, "currency": "KRW"}, "대한항공_100": {"outbound": {"departure_airport": "CJU", "departure": "12:00", "arrival_airport": "PUS", "arrival": "13:00", "operator": "대한항공", "duration": "1:00 ", "flightsNo": "대한항공_100", "aircraft": " Airbus A220-300 "}, "price": "18050", "roundtrip": false, "currency": "KRW"}, "에어부산_813": {"outbound": {"departure_airport": "CJU", "departure": "08:40", "arrival_airport": "PUS", "arrival": "09:40", "operator": "에어부산", "duration": "1:00 ", "flightsNo": "에어부산_813", "aircraft": " Airbus A320-100/200 "}, "price": "18050", "roundtrip": false, "currency": "KRW"}, "대한항공_107": {"outbound": {"departure_airport": "CJU", "departure": "10:00", "arrival_airport": "PUS", "arrival": "11:00", "operator": "대한항공", "duration": "1:00 ", "flightsNo": "대한항공_107", "aircraft": " Airbus A220-300 "}, "price": "18050", "roundtrip": false, "currency": "KRW"}, "진에어_56": {"outbound": {"departure_airport": "CJU", "departure": "12:50", "arrival_airport": "PUS", "arrival": "14:05", "operator": "진에어", "duration": "1:15 ", "flightsNo": "진에어_56", "aircraft": " Boeing 737-800 "}, "price": "18050", "roundtrip": false, "currency": "KRW"}, "제주항공_50": {"outbound": {"departure_airport": "CJU", "departure": "14:05", "arrival_airport": "PUS", "arrival": "15:00", "operator": "제주항공", "duration": "0:55 ", "flightsNo": "제주항공_50", "aircraft": " Boeing 737 "}, "price": "18050", "roundtrip": false, "currency": "KRW"}, "진에어_50": {"outbound": {"departure_airport": "CJU", "departure": "12:05", "arrival_airport": "PUS", "arrival": "13:00", "operator": "진에어", "duration": "0:55 ", "flightsNo": "진에어_50", "aircraft": " Boeing 737-800 "}, "price": "18050", "roundtrip": false, "currency": "KRW"}, "아시아나항공_813": {"outbound": {"departure_airport": "CJU", "departure": "08:40", "arrival_airport": "PUS", "arrival": "09:40", "operator": "아시아나항공", "duration": "1:00 ", "flightsNo": "아시아나항공_813", "aircraft": " Airbus A321-100/200 "}, "price": "18050", "roundtrip": false, "currency": "KRW"}, "대한항공_101": {"outbound": {"departure_airport": "CJU", "departure": "20:00", "arrival_airport": "PUS", "arrival": "21:00", "operator": "대한항공", "duration": "1:00 ", "flightsNo": "대한항공_101", "aircraft": " Boeing 737-900 "}, "price": "18050", "roundtrip": false, "currency": "KRW"}}