{"아시아나항공_890": {"outbound": {"departure_airport": "CJU", "departure": "08:20", "arrival_airport": "TXL", "arrival": "10:05", "operator": "아시아나항공, 루프트한자 ", "duration": "32:45 ", "flightsNo": "아시아나항공_890", "aircraft": " Airbus A321-100/200 "}, "price": "1240878", "roundtrip": false, "currency": "KRW"}, "대한항공_121": {"outbound": {"departure_airport": "CJU", "departure": "09:20", "arrival_airport": "TXL", "arrival": "14:30", "operator": "대한항공, 에어프랑스 ", "duration": "36:10 ", "flightsNo": "대한항공_121", "aircraft": " Airbus A220-300 "}, "price": "1240878", "roundtrip": false, "currency": "KRW"}}