{"대한항공_120": {"outbound": {"departure_airport": "CJU", "departure": "07:00", "arrival_airport": "ATL", "arrival": "16:17", "operator": "대한항공", "duration": "22:17 ", "flightsNo": "대한항공_120", "aircraft": " Boeing 737-900 "}, "price": "1762500", "roundtrip": false, "currency": "KRW"}, "아시아나항공_899": {"outbound": {"departure_airport": "CJU", "departure": "21:10", "arrival_airport": "ATL", "arrival": "10:10", "operator": "아시아나항공, 대한항공 ", "duration": "26:00 ", "flightsNo": "아시아나항공_899", "aircraft": " Airbus A320-100/200 "}, "price": "1762500", "roundtrip": false, "currency": "KRW"}}