{"대한항공_127": {"outbound": {"departure_airport": "CJU", "departure": "20:50", "arrival_airport": "GRU", "arrival": "17:20", "operator": "대한항공, 카타르항공 ", "duration": "32:30 ", "flightsNo": "대한항공_127", "aircraft": " Boeing 737-900 "}, "price": "1231112", "roundtrip": false, "currency": "KRW"}, "아시아나항공_899": {"outbound": {"departure_airport": "CJU", "departure": "20:20", "arrival_airport": "GRU", "arrival": "17:20", "operator": "아시아나항공, 카타르항공 ", "duration": "33:00 ", "flightsNo": "아시아나항공_899", "aircraft": " Boeing 767-300 "}, "price": "1231112", "roundtrip": false, "currency": "KRW"}, "아시아나항공_897": {"outbound": {"departure_airport": "CJU", "departure": "17:40", "arrival_airport": "GRU", "arrival": "17:20", "operator": "아시아나항공, 카타르항공 ", "duration": "35:40 ", "flightsNo": "아시아나항공_897", "aircraft": " Airbus A321-100/200 "}, "price": "1231112", "roundtrip": false, "currency": "KRW"}, "아시아나항공_898": {"outbound": {"departure_airport": "CJU", "departure": "19:50", "arrival_airport": "GRU", "arrival": "17:20", "operator": "아시아나항공, 카타르항공 ", "duration": "33:30 ", "flightsNo": "아시아나항공_898", "aircraft": " Airbus A321-100/200 "}, "price": "1231112", "roundtrip": false, "currency": "KRW"}, "아시아나항공_890": {"outbound": {"departure_airport": "CJU", "departure": "06:30", "arrival_airport": "GRU", "arrival": "04:25", "operator": "아시아나항공, 루프트한자 ", "duration": "33:55 ", "flightsNo": "아시아나항공_890", "aircraft": " Airbus A321-100/200 "}, "price": "1231112", "roundtrip": false, "currency": "KRW"}}