{"아시아나항공_892": {"outbound": {"departure_airport": "CJU", "departure": "10:20", "arrival_airport": "LAX", "arrival": "09:50", "operator": "아시아나항공", "duration": "15:30 ", "flightsNo": "아시아나항공_892", "aircraft": " Airbus A321-100/200 "}, "price": "988361", "roundtrip": false, "currency": "KRW"}, "대한항공_121": {"outbound": {"departure_airport": "CJU", "departure": "10:10", "arrival_airport": "LAX", "arrival": "09:50", "operator": "대한항공, 아시아나항공 ", "duration": "15:40 ", "flightsNo": "대한항공_121", "aircraft": " Boeing 737-900 "}, "price": "988361", "roundtrip": false, "currency": "KRW"}, "대한항공_123": {"outbound": {"departure_airport": "CJU", "departure": "13:35", "arrival_airport": "LAX", "arrival": "14:50", "operator": "대한항공", "duration": "17:15 ", "flightsNo": "대한항공_123", "aircraft": " Airbus A220-300 "}, "price": "988361", "roundtrip": false, "currency": "KRW"}, "아시아나항공_814": {"outbound": {"departure_airport": "CJU", "departure": "08:35", "arrival_airport": "LAX", "arrival": "09:50", "operator": "아시아나항공, 유나이티드항공 ", "duration": "17:15 ", "flightsNo": "아시아나항공_814", "aircraft": " Airbus A320-100/200 "}, "price": "988361", "roundtrip": false, "currency": "KRW"}}