{"에어서울_92": {"outbound": {"departure_airport": "GMP", "departure": "18:25", "arrival_airport": "CJU", "arrival": "19:35", "operator": "에어서울", "duration": "1:10 ", "flightsNo": "에어서울_92", "aircraft": " Airbus A321-100/200 "}, "price": "8500", "roundtrip": false, "currency": "KRW"}, "아시아나항공_898": {"outbound": {"departure_airport": "GMP", "departure": "18:45", "arrival_airport": "CJU", "arrival": "19:55", "operator": "아시아나항공", "duration": "1:10 ", "flightsNo": "아시아나항공_898", "aircraft": " Airbus A320-100/200 "}, "price": "8500", "roundtrip": false, "currency": "KRW"}, "아시아나항공_896": {"outbound": {"departure_airport": "GMP", "departure": "14:55", "arrival_airport": "CJU", "arrival": "16:05", "operator": "아시아나항공", "duration": "1:10 ", "flightsNo": "아시아나항공_896", "aircraft": " Airbus A330-300 "}, "price": "8500", "roundtrip": false, "currency": "KRW"}, "아시아나항공_897": {"outbound": {"departure_airport": "GMP", "departure": "15:55", "arrival_airport": "CJU", "arrival": "17:10", "operator": "아시아나항공", "duration": "1:15 ", "flightsNo": "아시아나항공_897", "aircraft": " Airbus A321-100/200 "}, "price": "8500", "roundtrip": false, "currency": "KRW"}, "아시아나항공_895": {"outbound": {"departure_airport": "GMP", "departure": "14:05", "arrival_airport": "CJU", "arrival": "15:10", "operator": "아시아나항공", "duration": "1:05 ", "flightsNo": "아시아나항공_895", "aircraft": " Airbus A321-100/200 "}, "price": "8500", "roundtrip": false, "currency": "KRW"}, "아시아나항공_899": {"outbound": {"departure_airport": "GMP", "departure": "21:20", "arrival_airport": "CJU", "arrival": "22:30", "operator": "아시아나항공", "duration": "1:10 ", "flightsNo": "아시아나항공_899", "aircraft": " Airbus A321-100/200 "}, "price": "8500", "roundtrip": false, "currency": "KRW"}, "대한항공_126": {"outbound": {"departure_airport": "GMP", "departure": "18:50", "arrival_airport": "CJU", "arrival": "20:00", "operator": "대한항공", "duration": "1:10 ", "flightsNo": "대한항공_126", "aircraft": " Boeing 737-900 "}, "price": "8500", "roundtrip": false, "currency": "KRW"}, "대한항공_125": {"outbound": {"departure_airport": "GMP", "departure": "17:20", "arrival_airport": "CJU", "arrival": "18:30", "operator": "대한항공", "duration": "1:10 ", "flightsNo": "대한항공_125", "aircraft": " Airbus A220-300 "}, "price": "8500", "roundtrip": false, "currency": "KRW"}, "대한항공_124": {"outbound": {"departure_airport": "GMP", "departure": "15:00", "arrival_airport": "CJU", "arrival": "16:10", "operator": "대한항공", "duration": "1:10 ", "flightsNo": "대한항공_124", "aircraft": " Boeing 737-900 "}, "price": "8500", "roundtrip": false, "currency": "KRW"}}