{"티웨이항공_986": {"outbound": {"departure_airport": "GMP", "departure": "13:55", "arrival_airport": "PUS", "arrival": "14:45", "operator": "티웨이항공", "duration": "0:50 ", "flightsNo": "티웨이항공_986", "aircraft": " Boeing 737 "}, "price": "12896", "roundtrip": false, "currency": "KRW"}, "제주항공_20": {"outbound": {"departure_airport": "GMP", "departure": "09:10", "arrival_airport": "PUS", "arrival": "10:00", "operator": "제주항공", "duration": "0:50 ", "flightsNo": "제주항공_20", "aircraft": " Boeing 737 "}, "price": "12896", "roundtrip": false, "currency": "KRW"}, "에어부산_880": {"outbound": {"departure_airport": "GMP", "departure": "10:30", "arrival_airport": "PUS", "arrival": "11:25", "operator": "에어부산", "duration": "0:55 ", "flightsNo": "에어부산_880", "aircraft": " Airbus A320-100/200 "}, "price": "12896", "roundtrip": false, "currency": "KRW"}, "대한항공_110": {"outbound": {"departure_airport": "GMP", "departure": "08:00", "arrival_airport": "PUS", "arrival": "09:05", "operator": "대한항공", "duration": "1:05 ", "flightsNo": "대한항공_110", "aircraft": " Airbus A220-300 "}, "price": "12896", "roundtrip": false, "currency": "KRW"}, "진에어_36": {"outbound": {"departure_airport": "GMP", "departure": "08:40", "arrival_airport": "PUS", "arrival": "09:45", "operator": "진에어", "duration": "1:05 ", "flightsNo": "진에어_36", "aircraft": " Boeing 737-800 "}, "price": "12896", "roundtrip": false, "currency": "KRW"}, "진에어_35": {"outbound": {"departure_airport": "GMP", "departure": "09:05", "arrival_airport": "PUS", "arrival": "10:00", "operator": "진에어", "duration": "0:55 ", "flightsNo": "진에어_35", "aircraft": " Boeing 737-800 "}, "price": "12896", "roundtrip": false, "currency": "KRW"}, "티웨이항공_987": {"outbound": {"departure_airport": "GMP", "departure": "11:55", "arrival_airport": "PUS", "arrival": "13:00", "operator": "티웨이항공", "duration": "1:05 ", "flightsNo": "티웨이항공_987", "aircraft": " Boeing 737 "}, "price": "12896", "roundtrip": false, "currency": "KRW"}, "에어부산_881": {"outbound": {"departure_airport": "GMP", "departure": "11:45", "arrival_airport": "PUS", "arrival": "12:40", "operator": "에어부산", "duration": "0:55 ", "flightsNo": "에어부산_881", "aircraft": " Airbus A320-100/200 "}, "price": "12896", "roundtrip": false, "currency": "KRW"}}