{"델타항공_15": {"outbound": {"departure_airport": "ICN", "departure": "10:45", "arrival_airport": "IAD", "arrival": "13:56", "operator": "델타항공", "duration": "16:11 ", "flightsNo": "델타항공_15", "aircraft": " Airbus A350-900 "}, "price": "1394600", "roundtrip": false, "currency": "KRW"}, "대한항공_9": {"outbound": {"departure_airport": "ICN", "departure": "10:25", "arrival_airport": "IAD", "arrival": "11:25", "operator": "대한항공", "duration": "14:00 ", "flightsNo": "대한항공_9", "aircraft": " Boeing 787-9 Dreamliner "}, "price": "1394600", "roundtrip": false, "currency": "KRW"}, "대한항공_501": {"outbound": {"departure_airport": "ICN", "departure": "13:40", "arrival_airport": "IAD", "arrival": "19:46", "operator": "대한항공, 알래스카항공 ", "duration": "19:06 ", "flightsNo": "대한항공_501", "aircraft": " Airbus A330-900neo "}, "price": "1394600", "roundtrip": false, "currency": "KRW"}, "아시아나항공_21": {"outbound": {"departure_airport": "ICN", "departure": "20:40", "arrival_airport": "IAD", "arrival": "16:01", "operator": "아시아나항공, 유나이티드항공 ", "duration": "32:21 ", "flightsNo": "아시아나항공_21", "aircraft": " Airbus A350-900 "}, "price": "1394600", "roundtrip": false, "currency": "KRW"}, "카타르항공_85": {"outbound": {"departure_airport": "ICN", "departure": "01:25", "arrival_airport": "IAD", "arrival": "21:29", "operator": "카타르항공", "duration": "33:04 ", "flightsNo": "카타르항공_85", "aircraft": " Boeing 777-300ER "}, "price": "1394600", "roundtrip": false, "currency": "KRW"}, "대한항공_8": {"outbound": {"departure_airport": "ICN", "departure": "10:00", "arrival_airport": "IAD", "arrival": "21:55", "operator": "대한항공, 델타항공 ", "duration": "24:55 ", "flightsNo": "대한항공_8", "aircraft": " Boeing 777-300ER "}, "price": "1394600", "roundtrip": false, "currency": "KRW"}, "유나이티드항공_729": {"outbound": {"departure_airport": "ICN", "departure": "10:20", "arrival_airport": "IAD", "arrival": "16:07", "operator": "유나이티드항공", "duration": "18:47 ", "flightsNo": "유나이티드항공_729", "aircraft": " Airbus A350-900 "}, "price": "1394600", "roundtrip": false, "currency": "KRW"}, "ANA_항공_697": {"outbound": {"departure_airport": "ICN", "departure": "09:00", "arrival_airport": "IAD", "arrival": "20:50", "operator": "ANA 항공", "duration": "24:50 ", "flightsNo": "ANA_항공_697", "aircraft": " Airbus A321-100/200 "}, "price": "1394600", "roundtrip": false, "currency": "KRW"}, "KLM_85": {"outbound": {"departure_airport": "ICN", "departure": "00:55", "arrival_airport": "IAD", "arrival": "21:55", "operator": "KLM", "duration": "34:00 ", "flightsNo": "KLM_85", "aircraft": " Boeing 777-200/200ER "}, "price": "1394600", "roundtrip": false, "currency": "KRW"}, "일본항공_(JAL)_520": {"outbound": {"departure_airport": "ICN", "departure": "11:40", "arrival_airport": "IAD", "arrival": "14:22", "operator": "일본항공 (JAL), 아메리칸항공 ", "duration": "39:42 ", "flightsNo": "일본항공_(JAL)_520", "aircraft": " Airbus A330-300 "}, "price": "1394600", "roundtrip": false, "currency": "KRW"}}