{"Asiana_Airlines_10": {"outbound": {"departure_airport": "ICN", "departure": "9:00 ", "arrival_airport": "NRT", "arrival": "11:20 ", "operator": "Asiana Airlines", "duration": "2h 20m ", "flightsNo": "Asiana_Airlines_10", "aircraft": " Airbus A321-100/200 "}, "price": "$192", "roundtrip": false, "currency": "KRW"}, "Korean_Air_70": {"outbound": {"departure_airport": "ICN", "departure": "11:40 ", "arrival_airport": "NRT", "arrival": "2:00 ", "operator": "Korean Air", "duration": "2h 20m ", "flightsNo": "Korean_Air_70", "aircraft": " Airbus A330-300 "}, "price": "$192", "roundtrip": false, "currency": "KRW"}, "Air_Canada_6": {"outbound": {"departure_airport": "ICN", "departure": "4:40 ", "arrival_airport": "NRT", "arrival": "2:30 ", "operator": "Air Canada", "duration": "21h 50m ", "flightsNo": "Air_Canada_6", "aircraft": " Boeing 787-9 Dreamliner "}, "price": "$192", "roundtrip": false, "currency": "KRW"}, "Asiana_Airlines_610": {"outbound": {"departure_airport": "ICN", "departure": "4:40 ", "arrival_airport": "NRT", "arrival": "2:30 ", "operator": "Asiana Airlines, Air Canada ", "duration": "21h 50m ", "flightsNo": "Asiana_Airlines_610", "aircraft": " Boeing 787-8 Dreamliner "}, "price": "$192", "roundtrip": false, "currency": "KRW"}}