{"델타항공_786": {"outbound": {"departure_airport": "ICN", "departure": "10:40", "arrival_airport": "ATL", "arrival": "16:17", "operator": "델타항공", "duration": "18:37 ", "flightsNo": "델타항공_786", "aircraft": " Boeing 777-300ER "}, "price": "1442100", "roundtrip": false, "currency": "KRW"}, "델타항공_15": {"outbound": {"departure_airport": "ICN", "departure": "10:45", "arrival_airport": "ATL", "arrival": "18:44", "operator": "델타항공", "duration": "20:59 ", "flightsNo": "델타항공_15", "aircraft": " Airbus A350-900 "}, "price": "1442100", "roundtrip": false, "currency": "KRW"}, "대한항공_501": {"outbound": {"departure_airport": "ICN", "departure": "13:40", "arrival_airport": "ATL", "arrival": "19:40", "operator": "대한항공, 알래스카항공 ", "duration": "19:00 ", "flightsNo": "대한항공_501", "aircraft": " Airbus A330-900neo "}, "price": "1442100", "roundtrip": false, "currency": "KRW"}, "델타항공_785": {"outbound": {"departure_airport": "ICN", "departure": "10:25", "arrival_airport": "ATL", "arrival": "18:44", "operator": "델타항공", "duration": "21:19 ", "flightsNo": "델타항공_785", "aircraft": " Boeing 787-9 Dreamliner "}, "price": "1442100", "roundtrip": false, "currency": "KRW"}, "델타항공_19": {"outbound": {"departure_airport": "ICN", "departure": "13:40", "arrival_airport": "ATL", "arrival": "21:00", "operator": "델타항공", "duration": "20:20 ", "flightsNo": "델타항공_19", "aircraft": " Airbus A330-900neo "}, "price": "1442100", "roundtrip": false, "currency": "KRW"}, "델타항공_789": {"outbound": {"departure_airport": "ICN", "departure": "20:00", "arrival_airport": "ATL", "arrival": "05:02", "operator": "델타항공", "duration": "22:02 ", "flightsNo": "델타항공_789", "aircraft": " Boeing 787-9 Dreamliner "}, "price": "1442100", "roundtrip": false, "currency": "KRW"}, "대한항공_8": {"outbound": {"departure_airport": "ICN", "departure": "10:00", "arrival_airport": "ATL", "arrival": "16:19", "operator": "대한항공, 제트블루 ", "duration": "19:19 ", "flightsNo": "대한항공_8", "aircraft": " Boeing 777-300ER "}, "price": "1442100", "roundtrip": false, "currency": "KRW"}, "카타르항공_85": {"outbound": {"departure_airport": "ICN", "departure": "01:25", "arrival_airport": "ATL", "arrival": "20:12", "operator": "카타르항공", "duration": "31:47 ", "flightsNo": "카타르항공_85", "aircraft": " Boeing 777-300ER "}, "price": "1442100", "roundtrip": false, "currency": "KRW"}, "유나이티드항공_729": {"outbound": {"departure_airport": "ICN", "departure": "10:20", "arrival_airport": "ATL", "arrival": "19:38", "operator": "유나이티드항공", "duration": "22:18 ", "flightsNo": "유나이티드항공_729", "aircraft": " Airbus A350-900 "}, "price": "1442100", "roundtrip": false, "currency": "KRW"}, "에어프랑스_842": {"outbound": {"departure_airport": "ICN", "departure": "00:55", "arrival_airport": "ATL", "arrival": "17:15", "operator": "에어프랑스", "duration": "29:20 ", "flightsNo": "에어프랑스_842", "aircraft": " Boeing 777-200/200ER "}, "price": "1442100", "roundtrip": false, "currency": "KRW"}}