{"Korean_Air_90": {"outbound": {"departure_airport": "ICN", "departure": "1:20 ", "arrival_airport": "CDG", "arrival": "6:30 ", "operator": "Korean Air", "duration": "12h 10m ", "flightsNo": "Korean_Air_90", "aircraft": " Boeing 777-300ER "}, "price": "$966", "roundtrip": false, "currency": "KRW"}, "Etihad_Airways_87": {"outbound": {"departure_airport": "ICN", "departure": "12:30 ", "arrival_airport": "CDG", "arrival": "12:50 ", "operator": "Etihad Airways", "duration": "19h 20m ", "flightsNo": "Etihad_Airways_87", "aircraft": " Boeing 787-10 Dreamliner "}, "price": "$966", "roundtrip": false, "currency": "KRW"}, "Air_France_842": {"outbound": {"departure_airport": "ICN", "departure": "12:55 ", "arrival_airport": "CDG", "arrival": "4:10 ", "operator": "Air France", "duration": "22h 15m ", "flightsNo": "Air_France_842", "aircraft": " Boeing 777-200/200ER "}, "price": "$966", "roundtrip": false, "currency": "KRW"}, "United_Airlines_729": {"outbound": {"departure_airport": "ICN", "departure": "10:20 ", "arrival_airport": "CDG", "arrival": "3:40 ", "operator": "United Airlines", "duration": "36h 20m ", "flightsNo": "United_Airlines_729", "aircraft": " Airbus A350-900 "}, "price": "$966", "roundtrip": false, "currency": "KRW"}}