{"KLM_85": {"outbound": {"departure_airport": "ICN", "departure": "00:55", "arrival_airport": "AMS", "arrival": "05:15", "operator": "KLM", "duration": "11:20 ", "flightsNo": "KLM_85", "aircraft": " Boeing 777-200/200ER "}, "price": "1149294", "roundtrip": false, "currency": "KRW"}, "아에로플로트_25": {"outbound": {"departure_airport": "ICN", "departure": "09:05", "arrival_airport": "AMS", "arrival": "17:10", "operator": "아에로플로트", "duration": "15:05 ", "flightsNo": "아에로플로트_25", "aircraft": " Airbus A330-300 "}, "price": "1149294", "roundtrip": false, "currency": "KRW"}, "일본항공_(JAL)_520": {"outbound": {"departure_airport": "ICN", "departure": "11:40", "arrival_airport": "AMS", "arrival": "10:40", "operator": "일본항공 (JAL)", "duration": "54:00 ", "flightsNo": "일본항공_(JAL)_520", "aircraft": " Airbus A330-300 "}, "price": "1149294", "roundtrip": false, "currency": "KRW"}}