{"KLM_85": {"outbound": {"departure_airport": "ICN", "departure": "00:55", "arrival_airport": "HEL", "arrival": "12:15", "operator": "KLM", "duration": "17:20 ", "flightsNo": "KLM_85", "aircraft": " Boeing 777-200/200ER "}, "price": "1118000", "roundtrip": false, "currency": "KRW"}, "대한항공_90": {"outbound": {"departure_airport": "ICN", "departure": "13:20", "arrival_airport": "HEL", "arrival": "14:50", "operator": "대한항공, 핀에어 ", "duration": "31:30 ", "flightsNo": "대한항공_90", "aircraft": " Boeing 777-300ER "}, "price": "1118000", "roundtrip": false, "currency": "KRW"}}