{"Korean_Air_2": {"outbound": {"departure_airport": "ICN", "departure": "8:00 ", "arrival_airport": "SFO", "arrival": "2:40 ", "operator": "Korean Air", "duration": "10h 40m ", "flightsNo": "Korean_Air_2", "aircraft": " Boeing 787-9 Dreamliner "}, "price": "$752", "roundtrip": false, "currency": "KRW"}, "Asiana_Airlines_21": {"outbound": {"departure_airport": "ICN", "departure": "8:40 ", "arrival_airport": "SFO", "arrival": "3:00 ", "operator": "Asiana Airlines", "duration": "10h 20m ", "flightsNo": "Asiana_Airlines_21", "aircraft": " Airbus A350-900 "}, "price": "$752", "roundtrip": false, "currency": "KRW"}, "Delta_19": {"outbound": {"departure_airport": "ICN", "departure": "1:40 ", "arrival_airport": "SFO", "arrival": "11:59 ", "operator": "Delta", "duration": "14h 19m ", "flightsNo": "Delta_19", "aircraft": " Airbus A330-900neo "}, "price": "$752", "roundtrip": false, "currency": "KRW"}, "United_Airlines_731": {"outbound": {"departure_airport": "ICN", "departure": "9:00 ", "arrival_airport": "SFO", "arrival": "9:15 ", "operator": "United Airlines", "duration": "16h 15m ", "flightsNo": "United_Airlines_731", "aircraft": " Airbus A321-100/200 "}, "price": "$752", "roundtrip": false, "currency": "KRW"}, "Korean_Air_1": {"outbound": {"departure_airport": "ICN", "departure": "7:40 ", "arrival_airport": "SFO", "arrival": "9:10 ", "operator": "Korean Air, Delta ", "duration": "17h 30m ", "flightsNo": "Korean_Air_1", "aircraft": " Boeing 777-300ER "}, "price": "$752", "roundtrip": false, "currency": "KRW"}, "Air_Canada_6": {"outbound": {"departure_airport": "ICN", "departure": "4:40 ", "arrival_airport": "SFO", "arrival": "11:05 ", "operator": "Air Canada", "duration": "34h 25m ", "flightsNo": "Air_Canada_6", "aircraft": " Boeing 787-9 Dreamliner "}, "price": "$752", "roundtrip": false, "currency": "KRW"}, "Qatar_Airways_85": {"outbound": {"departure_airport": "ICN", "departure": "1:25 ", "arrival_airport": "SFO", "arrival": "8:40 ", "operator": "Qatar Airways", "duration": "35h 15m ", "flightsNo": "Qatar_Airways_85", "aircraft": " Boeing 777-300ER "}, "price": "$752", "roundtrip": false, "currency": "KRW"}, "KLM_85": {"outbound": {"departure_airport": "ICN", "departure": "12:55 ", "arrival_airport": "SFO", "arrival": "9:10 ", "operator": "KLM", "duration": "36h 15m ", "flightsNo": "KLM_85", "aircraft": " Boeing 777-200/200ER "}, "price": "$752", "roundtrip": false, "currency": "KRW"}, "Japan_Airlines_520": {"outbound": {"departure_airport": "ICN", "departure": "11:40 ", "arrival_airport": "SFO", "arrival": "12:27 ", "operator": "Japan Airlines, American Airlines ", "duration": "40h 47m ", "flightsNo": "Japan_Airlines_520", "aircraft": " Airbus A330-300 "}, "price": "$752", "roundtrip": false, "currency": "KRW"}}