{"대한항공_9": {"outbound": {"departure_airport": "ICN", "departure": "10:25", "arrival_airport": "SCL", "arrival": "07:00", "operator": "항공사 조합", "duration": "33:35 ", "flightsNo": "대한항공_9", "aircraft": " Boeing 787-9 Dreamliner "}, "price": "3392447", "roundtrip": false, "currency": "KRW"}, "아시아나항공_54": {"outbound": {"departure_airport": "ICN", "departure": "12:00", "arrival_airport": "SCL", "arrival": "10:10", "operator": "항공사 조합", "duration": "35:10 ", "flightsNo": "아시아나항공_54", "aircraft": " Airbus A350-900 "}, "price": "3392447", "roundtrip": false, "currency": "KRW"}, "대한항공_8": {"outbound": {"departure_airport": "ICN", "departure": "10:00", "arrival_airport": "SCL", "arrival": "07:00", "operator": "항공사 조합", "duration": "58:00 ", "flightsNo": "대한항공_8", "aircraft": " Boeing 777-300ER "}, "price": "3392447", "roundtrip": false, "currency": "KRW"}}