{"유나이티드항공_728": {"outbound": {"departure_airport": "ICN", "departure": "14:40", "arrival_airport": "GRU", "arrival": "07:10", "operator": "유나이티드항공", "duration": "28:30 ", "flightsNo": "유나이티드항공_728", "aircraft": " Airbus A350-900 "}, "price": "3770128", "roundtrip": false, "currency": "KRW"}, "아시아나항공_54": {"outbound": {"departure_airport": "ICN", "departure": "12:00", "arrival_airport": "GRU", "arrival": "04:25", "operator": "아시아나항공, 루프트한자 ", "duration": "28:25 ", "flightsNo": "아시아나항공_54", "aircraft": " Airbus A350-900 "}, "price": "3770128", "roundtrip": false, "currency": "KRW"}, "아에로플로트_25": {"outbound": {"departure_airport": "ICN", "departure": "09:05", "arrival_airport": "GRU", "arrival": "04:25", "operator": "아에로플로트, 루프트한자 ", "duration": "31:20 ", "flightsNo": "아에로플로트_25", "aircraft": " Airbus A330-300 "}, "price": "3770128", "roundtrip": false, "currency": "KRW"}}