{"Etihad_Airways_87": {"outbound": {"departure_airport": "ICN", "departure": "12:30 ", "arrival_airport": "FRA", "arrival": "12:35 ", "operator": "Etihad Airways", "duration": "19h 05m ", "flightsNo": "Etihad_Airways_87", "aircraft": " Boeing 787-10 Dreamliner "}, "price": "$553", "roundtrip": false, "currency": "KRW"}, "Asiana_Airlines_54": {"outbound": {"departure_airport": "ICN", "departure": "12:00 ", "arrival_airport": "FRA", "arrival": "4:30 ", "operator": "Asiana Airlines", "duration": "11h 30m ", "flightsNo": "Asiana_Airlines_54", "aircraft": " Airbus A350-900 "}, "price": "$553", "roundtrip": false, "currency": "KRW"}, "Qatar_Airways_85": {"outbound": {"departure_airport": "ICN", "departure": "1:25 ", "arrival_airport": "FRA", "arrival": "1:30 ", "operator": "Qatar Airways", "duration": "19h 05m ", "flightsNo": "Qatar_Airways_85", "aircraft": " Boeing 777-300ER "}, "price": "$553", "roundtrip": false, "currency": "KRW"}, "KLM_85": {"outbound": {"departure_airport": "ICN", "departure": "12:55 ", "arrival_airport": "FRA", "arrival": "11:15 ", "operator": "KLM", "duration": "17h 20m ", "flightsNo": "KLM_85", "aircraft": " Boeing 777-200/200ER "}, "price": "$553", "roundtrip": false, "currency": "KRW"}, "Air_Canada_6": {"outbound": {"departure_airport": "ICN", "departure": "4:40 ", "arrival_airport": "FRA", "arrival": "6:20 ", "operator": "Air Canada", "duration": "44h 40m ", "flightsNo": "Air_Canada_6", "aircraft": " Boeing 787-9 Dreamliner "}, "price": "$553", "roundtrip": false, "currency": "KRW"}, "Korean_Air_70": {"outbound": {"departure_airport": "ICN", "departure": "11:40 ", "arrival_airport": "FRA", "arrival": "11:15 ", "operator": "Korean Air, KLM ", "duration": "30h 35m ", "flightsNo": "Korean_Air_70", "aircraft": " Airbus A330-300 "}, "price": "$553", "roundtrip": false, "currency": "KRW"}, "Asiana_Airlines_610": {"outbound": {"departure_airport": "ICN", "departure": "4:40 ", "arrival_airport": "FRA", "arrival": "6:20 ", "operator": "Asiana Airlines, Air Canada ", "duration": "44h 40m ", "flightsNo": "Asiana_Airlines_610", "aircraft": " Boeing 787-8 Dreamliner "}, "price": "$553", "roundtrip": false, "currency": "KRW"}}