{"KLM_85": {"outbound": {"departure_airport": "ICN", "departure": "00:55", "arrival_airport": "TXL", "arrival": "11:30", "operator": "KLM", "duration": "17:35 ", "flightsNo": "KLM_85", "aircraft": " Boeing 777-200/200ER "}, "price": "1118000", "roundtrip": false, "currency": "KRW"}, "카타르항공_85": {"outbound": {"departure_airport": "ICN", "departure": "01:25", "arrival_airport": "TXL", "arrival": "18:55", "operator": "카타르항공, 루프트한자 ", "duration": "24:30 ", "flightsNo": "카타르항공_85", "aircraft": " Boeing 777-300ER "}, "price": "1118000", "roundtrip": false, "currency": "KRW"}, "대한항공_90": {"outbound": {"departure_airport": "ICN", "departure": "13:20", "arrival_airport": "TXL", "arrival": "14:30", "operator": "대한항공, 에어프랑스 ", "duration": "32:10 ", "flightsNo": "대한항공_90", "aircraft": " Boeing 777-300ER "}, "price": "1118000", "roundtrip": false, "currency": "KRW"}, "아시아나항공_688": {"outbound": {"departure_airport": "ICN", "departure": "01:25", "arrival_airport": "TXL", "arrival": "15:55", "operator": "항공사 조합", "duration": "21:30 ", "flightsNo": "아시아나항공_688", "aircraft": " Boeing 777-300ER "}, "price": "1118000", "roundtrip": false, "currency": "KRW"}, "유나이티드항공_729": {"outbound": {"departure_airport": "ICN", "departure": "10:20", "arrival_airport": "TXL", "arrival": "10:05", "operator": "유나이티드항공", "duration": "30:45 ", "flightsNo": "유나이티드항공_729", "aircraft": " Airbus A350-900 "}, "price": "1118000", "roundtrip": false, "currency": "KRW"}}