{"Asiana_Airlines_20": {"outbound": {"departure_airport": "ICN", "departure": "2:40 ", "arrival_airport": "LAX", "arrival": "9:50 ", "operator": "Asiana Airlines", "duration": "11h 10m ", "flightsNo": "Asiana_Airlines_20", "aircraft": " Airbus A350-900 "}, "price": "$788", "roundtrip": false, "currency": "KRW"}, "Delta_904": {"outbound": {"departure_airport": "ICN", "departure": "7:40 ", "arrival_airport": "LAX", "arrival": "2:50 ", "operator": "Delta", "duration": "11h 10m ", "flightsNo": "Delta_904", "aircraft": " Boeing 777-300ER "}, "price": "$788", "roundtrip": false, "currency": "KRW"}, "United_Airlines_731": {"outbound": {"departure_airport": "ICN", "departure": "9:00 ", "arrival_airport": "LAX", "arrival": "11:00 ", "operator": "United Airlines", "duration": "18h 00m ", "flightsNo": "United_Airlines_731", "aircraft": " Airbus A321-100/200 "}, "price": "$788", "roundtrip": false, "currency": "KRW"}, "Korean_Air_70": {"outbound": {"departure_airport": "ICN", "departure": "11:40 ", "arrival_airport": "LAX", "arrival": "12:17 ", "operator": "Korean Air, United Airlines ", "duration": "16h 37m ", "flightsNo": "Korean_Air_70", "aircraft": " Airbus A330-300 "}, "price": "$788", "roundtrip": false, "currency": "KRW"}, "Japan_Airlines_520": {"outbound": {"departure_airport": "ICN", "departure": "11:40 ", "arrival_airport": "LAX", "arrival": "12:20 ", "operator": "Japan Airlines, American Airlines ", "duration": "40h 40m ", "flightsNo": "Japan_Airlines_520", "aircraft": " Airbus A330-300 "}, "price": "$788", "roundtrip": false, "currency": "KRW"}}