{"Asiana_Airlines_20": {"outbound": {"departure_airport": "LAX", "departure": "12:10 ", "arrival_airport": "ICN", "arrival": "5:35 ", "operator": "Asiana Airlines", "duration": "13h 25m ", "flightsNo": "Asiana_Airlines_20", "aircraft": " Airbus A350-900 "}, "price": "$1022", "roundtrip": false, "currency": "KRW"}, "Asiana_Airlines_634": {"outbound": {"departure_airport": "LAX", "departure": "7:55 ", "arrival_airport": "ICN", "arrival": "5:00 ", "operator": "Asiana Airlines", "duration": "17h 05m ", "flightsNo": "Asiana_Airlines_634", "aircraft": " Boeing 737-900 "}, "price": "$1022", "roundtrip": false, "currency": "KRW"}, "Korean_Air_721": {"outbound": {"departure_airport": "LAX", "departure": "7:55 ", "arrival_airport": "ICN", "arrival": "5:05 ", "operator": "Korean Air", "duration": "17h 10m ", "flightsNo": "Korean_Air_721", "aircraft": " Airbus A319 "}, "price": "$1022", "roundtrip": false, "currency": "KRW"}, "Delta_904": {"outbound": {"departure_airport": "LAX", "departure": "11:50 ", "arrival_airport": "ICN", "arrival": "5:10 ", "operator": "Delta", "duration": "13h 20m ", "flightsNo": "Delta_904", "aircraft": " Boeing 777-300ER "}, "price": "$1022", "roundtrip": false, "currency": "KRW"}, "American_Airlines_613": {"outbound": {"departure_airport": "LAX", "departure": "4:45 ", "arrival_airport": "ICN", "arrival": "3:30 ", "operator": "Multiple Airlines", "duration": "30h 45m ", "flightsNo": "American_Airlines_613", "aircraft": " Boeing 787-9 Dreamliner "}, "price": "$1022", "roundtrip": false, "currency": "KRW"}, "KLM_237": {"outbound": {"departure_airport": "LAX", "departure": "3:20 ", "arrival_airport": "ICN", "arrival": "2:55 ", "operator": "KLM", "duration": "31h 35m ", "flightsNo": "KLM_237", "aircraft": " Boeing 777-300ER "}, "price": "$1022", "roundtrip": false, "currency": "KRW"}}