{"Alaska_Airlines_346": {"outbound": {"departure_airport": "LAX", "departure": "10:10 ", "arrival_airport": "SFO", "arrival": "11:40 ", "operator": "Alaska Airlines", "duration": "1h 30m ", "flightsNo": "Alaska_Airlines_346", "aircraft": " Embraer 175 "}, "price": "$122", "roundtrip": false, "currency": "KRW"}, "Alaska_Airlines_337": {"outbound": {"departure_airport": "LAX", "departure": "11:15 ", "arrival_airport": "SFO", "arrival": "12:45 ", "operator": "Alaska Airlines", "duration": "1h 30m ", "flightsNo": "Alaska_Airlines_337", "aircraft": " Embraer 175 "}, "price": "$122", "roundtrip": false, "currency": "KRW"}, "Alaska_Airlines_333": {"outbound": {"departure_airport": "LAX", "departure": "7:55 ", "arrival_airport": "SFO", "arrival": "9:25 ", "operator": "Alaska Airlines", "duration": "1h 30m ", "flightsNo": "Alaska_Airlines_333", "aircraft": " Embraer 175 "}, "price": "$122", "roundtrip": false, "currency": "KRW"}, "Alaska_Airlines_339": {"outbound": {"departure_airport": "LAX", "departure": "4:00 ", "arrival_airport": "SFO", "arrival": "5:30 ", "operator": "Alaska Airlines", "duration": "1h 30m ", "flightsNo": "Alaska_Airlines_339", "aircraft": " Embraer 175 "}, "price": "$122", "roundtrip": false, "currency": "KRW"}, "JetBlue_12": {"outbound": {"departure_airport": "LAX", "departure": "7:00 ", "arrival_airport": "SFO", "arrival": "8:13 ", "operator": "JetBlue", "duration": "13h 13m ", "flightsNo": "JetBlue_12", "aircraft": " Airbus A318/A319/A320/A321 "}, "price": "$122", "roundtrip": false, "currency": "KRW"}}