{"British_Airways_440": {"outbound": {"departure_airport": "LAX", "departure": "11:00 ", "arrival_airport": "CDG", "arrival": "9:25 ", "operator": "British Airways", "duration": "13h 25m ", "flightsNo": "British_Airways_440", "aircraft": " Airbus A321-100/200 "}, "price": "$980", "roundtrip": false, "currency": "KRW"}, "Delta_855": {"outbound": {"departure_airport": "LAX", "departure": "3:20 ", "arrival_airport": "CDG", "arrival": "11:10 ", "operator": "Delta", "duration": "10h 50m ", "flightsNo": "Delta_855", "aircraft": " Boeing 777-300ER "}, "price": "$980", "roundtrip": false, "currency": "KRW"}, "American_Airlines_235": {"outbound": {"departure_airport": "LAX", "departure": "11:00 ", "arrival_airport": "CDG", "arrival": "9:25 ", "operator": "American Airlines", "duration": "13h 25m ", "flightsNo": "American_Airlines_235", "aircraft": " Airbus A321-100/200 "}, "price": "$980", "roundtrip": false, "currency": "KRW"}, "United_Airlines_230": {"outbound": {"departure_airport": "LAX", "departure": "9:00 ", "arrival_airport": "CDG", "arrival": "7:45 ", "operator": "United Airlines, Lufthansa ", "duration": "13h 45m ", "flightsNo": "United_Airlines_230", "aircraft": " Boeing 787-10 Dreamliner "}, "price": "$980", "roundtrip": false, "currency": "KRW"}, "KLM_60": {"outbound": {"departure_airport": "LAX", "departure": "12:30 ", "arrival_airport": "CDG", "arrival": "10:50 ", "operator": "KLM", "duration": "13h 20m ", "flightsNo": "KLM_60", "aircraft": " Boeing 777-300ER "}, "price": "$980", "roundtrip": false, "currency": "KRW"}, "American_Airlines_254": {"outbound": {"departure_airport": "LAX", "departure": "9:00 ", "arrival_airport": "CDG", "arrival": "9:25 ", "operator": "American Airlines", "duration": "15h 25m ", "flightsNo": "American_Airlines_254", "aircraft": " Airbus A321-100/200 "}, "price": "$980", "roundtrip": false, "currency": "KRW"}, "Delta_83": {"outbound": {"departure_airport": "LAX", "departure": "8:45 ", "arrival_airport": "CDG", "arrival": "8:10 ", "operator": "Delta", "duration": "14h 25m ", "flightsNo": "Delta_83", "aircraft": " Airbus A330-300 "}, "price": "$980", "roundtrip": false, "currency": "KRW"}, "Lufthansa_788": {"outbound": {"departure_airport": "LAX", "departure": "9:00 ", "arrival_airport": "CDG", "arrival": "7:45 ", "operator": "Lufthansa", "duration": "13h 45m ", "flightsNo": "Lufthansa_788", "aircraft": " Boeing 787 Dreamliner "}, "price": "$980", "roundtrip": false, "currency": "KRW"}, "American_Airlines_244": {"outbound": {"departure_airport": "LAX", "departure": "7:30 ", "arrival_airport": "CDG", "arrival": "9:25 ", "operator": "American Airlines", "duration": "16h 55m ", "flightsNo": "American_Airlines_244", "aircraft": " Airbus A319 "}, "price": "$980", "roundtrip": false, "currency": "KRW"}, "American_Airlines_107": {"outbound": {"departure_airport": "LAX", "departure": "7:00 ", "arrival_airport": "CDG", "arrival": "9:25 ", "operator": "American Airlines", "duration": "17h 25m ", "flightsNo": "American_Airlines_107", "aircraft": " Airbus A321neo "}, "price": "$980", "roundtrip": false, "currency": "KRW"}, "United_Airlines_21": {"outbound": {"departure_airport": "LAX", "departure": "7:20 ", "arrival_airport": "CDG", "arrival": "7:45 ", "operator": "United Airlines", "duration": "15h 25m ", "flightsNo": "United_Airlines_21", "aircraft": " Airbus A319 "}, "price": "$980", "roundtrip": false, "currency": "KRW"}, "Delta_105": {"outbound": {"departure_airport": "LAX", "departure": "7:00 ", "arrival_airport": "CDG", "arrival": "9:10 ", "operator": "Delta", "duration": "17h 10m ", "flightsNo": "Delta_105", "aircraft": " Boeing 767-300 (winglets) "}, "price": "$980", "roundtrip": false, "currency": "KRW"}, "KLM_504": {"outbound": {"departure_airport": "LAX", "departure": "8:45 ", "arrival_airport": "CDG", "arrival": "9:45 ", "operator": "KLM", "duration": "16h 00m ", "flightsNo": "KLM_504", "aircraft": " Airbus A330-300 "}, "price": "$980", "roundtrip": false, "currency": "KRW"}}