{"United_Airlines_152": {"outbound": {"departure_airport": "LAX", "departure": "8:45 ", "arrival_airport": "FRA", "arrival": "7:20 ", "operator": "United Airlines", "duration": "13h 35m ", "flightsNo": "United_Airlines_152", "aircraft": " Boeing 767-300 "}, "price": "$1434", "roundtrip": false, "currency": "KRW"}, "KLM_60": {"outbound": {"departure_airport": "LAX", "departure": "12:30 ", "arrival_airport": "FRA", "arrival": "11:15 ", "operator": "KLM", "duration": "13h 45m ", "flightsNo": "KLM_60", "aircraft": " Boeing 777-300ER "}, "price": "$1434", "roundtrip": false, "currency": "KRW"}, "American_Airlines_254": {"outbound": {"departure_airport": "LAX", "departure": "9:00 ", "arrival_airport": "FRA", "arrival": "8:45 ", "operator": "American Airlines", "duration": "14h 45m ", "flightsNo": "American_Airlines_254", "aircraft": " Airbus A321-100/200 "}, "price": "$1434", "roundtrip": false, "currency": "KRW"}, "United_Airlines_230": {"outbound": {"departure_airport": "LAX", "departure": "9:00 ", "arrival_airport": "FRA", "arrival": "11:50 ", "operator": "United Airlines", "duration": "17h 50m ", "flightsNo": "United_Airlines_230", "aircraft": " Boeing 787-10 Dreamliner "}, "price": "$1434", "roundtrip": false, "currency": "KRW"}, "Lufthansa_788": {"outbound": {"departure_airport": "LAX", "departure": "9:00 ", "arrival_airport": "FRA", "arrival": "9:10 ", "operator": "Lufthansa", "duration": "15h 10m ", "flightsNo": "Lufthansa_788", "aircraft": " Boeing 787 Dreamliner "}, "price": "$1434", "roundtrip": false, "currency": "KRW"}, "United_Airlines_547": {"outbound": {"departure_airport": "LAX", "departure": "10:45 ", "arrival_airport": "FRA", "arrival": "11:15 ", "operator": "United Airlines", "duration": "15h 30m ", "flightsNo": "United_Airlines_547", "aircraft": " Embraer 175 (Enhanced Winglets) "}, "price": "$1434", "roundtrip": false, "currency": "KRW"}, "American_Airlines_107": {"outbound": {"departure_airport": "LAX", "departure": "7:00 ", "arrival_airport": "FRA", "arrival": "8:45 ", "operator": "American Airlines", "duration": "16h 45m ", "flightsNo": "American_Airlines_107", "aircraft": " Airbus A321neo "}, "price": "$1434", "roundtrip": false, "currency": "KRW"}, "United_Airlines_21": {"outbound": {"departure_airport": "LAX", "departure": "7:20 ", "arrival_airport": "FRA", "arrival": "9:10 ", "operator": "United Airlines", "duration": "16h 50m ", "flightsNo": "United_Airlines_21", "aircraft": " Airbus A319 "}, "price": "$1434", "roundtrip": false, "currency": "KRW"}, "American_Airlines_243": {"outbound": {"departure_airport": "LAX", "departure": "6:30 ", "arrival_airport": "FRA", "arrival": "8:45 ", "operator": "American Airlines", "duration": "17h 15m ", "flightsNo": "American_Airlines_243", "aircraft": " Boeing 737-800 "}, "price": "$1434", "roundtrip": false, "currency": "KRW"}, "Air_France_6": {"outbound": {"departure_airport": "LAX", "departure": "3:20 ", "arrival_airport": "FRA", "arrival": "5:30 ", "operator": "Air France", "duration": "17h 10m ", "flightsNo": "Air_France_6", "aircraft": " Boeing 777-300ER "}, "price": "$1434", "roundtrip": false, "currency": "KRW"}, "United_Airlines_236": {"outbound": {"departure_airport": "LAX", "departure": "10:30 ", "arrival_airport": "FRA", "arrival": "11:35 ", "operator": "United Airlines, Lufthansa ", "duration": "16h 05m ", "flightsNo": "United_Airlines_236", "aircraft": " Boeing 737-800 "}, "price": "$1434", "roundtrip": false, "currency": "KRW"}}