{"ANA_": {"outbound": {"departure_airport": "LAX", "departure": "12:45 ", "arrival_airport": "NRT", "arrival": "4:30 ", "operator": "ANA", "duration": "11h 45m ", "flightsNo": "ANA_", "aircraft": " Boeing 777-300ER "}, "price": "$784", "roundtrip": false, "currency": "KRW"}, "ANA_735": {"outbound": {"departure_airport": "LAX", "departure": "8:15 ", "arrival_airport": "NRT", "arrival": "2:05 ", "operator": "ANA", "duration": "13h 50m ", "flightsNo": "ANA_735", "aircraft": " Embraer 175 (Enhanced Winglets) "}, "price": "$784", "roundtrip": false, "currency": "KRW"}, "Korean_Air_1": {"outbound": {"departure_airport": "LAX", "departure": "11:50 ", "arrival_airport": "NRT", "arrival": "2:00 ", "operator": "Korean Air", "duration": "22h 10m ", "flightsNo": "Korean_Air_1", "aircraft": " Boeing 777-300ER "}, "price": "$784", "roundtrip": false, "currency": "KRW"}, "Alaska_Airlines_346": {"outbound": {"departure_airport": "LAX", "departure": "7:00 ", "arrival_airport": "NRT", "arrival": "2:05 ", "operator": "Alaska Airlines, United Airlines ", "duration": "15h 05m ", "flightsNo": "Alaska_Airlines_346", "aircraft": " Embraer 175 "}, "price": "$784", "roundtrip": false, "currency": "KRW"}, "American_Airlines_34": {"outbound": {"departure_airport": "LAX", "departure": "11:45 ", "arrival_airport": "NRT", "arrival": "3:00 ", "operator": "American Airlines", "duration": "23h 15m ", "flightsNo": "American_Airlines_34", "aircraft": " Airbus A321-100/200 "}, "price": "$784", "roundtrip": false, "currency": "KRW"}, "Air_France_6": {"outbound": {"departure_airport": "LAX", "departure": "3:20 ", "arrival_airport": "NRT", "arrival": "8:25 ", "operator": "Air France", "duration": "25h 05m ", "flightsNo": "Air_France_6", "aircraft": " Boeing 777-300ER "}, "price": "$784", "roundtrip": false, "currency": "KRW"}, "KLM_237": {"outbound": {"departure_airport": "LAX", "departure": "3:20 ", "arrival_airport": "NRT", "arrival": "10:35 ", "operator": "KLM", "duration": "27h 15m ", "flightsNo": "KLM_237", "aircraft": " Boeing 777-300ER "}, "price": "$784", "roundtrip": false, "currency": "KRW"}}