{"Air_Canada_": {"outbound": {"departure_airport": "NRT", "departure": "4:50 ", "arrival_airport": "LAX", "arrival": "1:59 ", "operator": "Air Canada", "duration": "13h 09m ", "flightsNo": "Air_Canada_", "aircraft": " Boeing 777-300ER "}, "price": "$1197", "roundtrip": false, "currency": "KRW"}, "American_Airlines_6": {"outbound": {"departure_airport": "NRT", "departure": "10:00 ", "arrival_airport": "LAX", "arrival": "1:08 ", "operator": "American Airlines", "duration": "19h 08m ", "flightsNo": "American_Airlines_6", "aircraft": " Boeing 777-300ER "}, "price": "$1197", "roundtrip": false, "currency": "KRW"}, "Asiana_Airlines_10": {"outbound": {"departure_airport": "NRT", "departure": "1:20 ", "arrival_airport": "LAX", "arrival": "9:50 ", "operator": "Asiana Airlines", "duration": "36h 30m ", "flightsNo": "Asiana_Airlines_10", "aircraft": " Airbus A321-100/200 "}, "price": "$1197", "roundtrip": false, "currency": "KRW"}, "Korean_Air_70": {"outbound": {"departure_airport": "NRT", "departure": "5:20 ", "arrival_airport": "LAX", "arrival": "2:50 ", "operator": "Korean Air", "duration": "37h 30m ", "flightsNo": "Korean_Air_70", "aircraft": " Airbus A330-300 "}, "price": "$1197", "roundtrip": false, "currency": "KRW"}, "KLM_86": {"outbound": {"departure_airport": "NRT", "departure": "11:00 ", "arrival_airport": "LAX", "arrival": "5:40 ", "operator": "KLM", "duration": "34h 40m ", "flightsNo": "KLM_86", "aircraft": " Boeing 777-300ER "}, "price": "$1197", "roundtrip": false, "currency": "KRW"}, "Air_France_27": {"outbound": {"departure_airport": "NRT", "departure": "10:35 ", "arrival_airport": "LAX", "arrival": "10:25 ", "operator": "Air France", "duration": "39h 50m ", "flightsNo": "Air_France_27", "aircraft": " Boeing 777-300ER "}, "price": "$1197", "roundtrip": false, "currency": "KRW"}, "United_Airlines_794": {"outbound": {"departure_airport": "NRT", "departure": "5:00 ", "arrival_airport": "LAX", "arrival": "11:00 ", "operator": "United Airlines", "duration": "10h 00m ", "flightsNo": "United_Airlines_794", "aircraft": " Boeing 777-300ER "}, "price": "$1197", "roundtrip": false, "currency": "KRW"}, "United_Airlines_83": {"outbound": {"departure_airport": "NRT", "departure": "4:00 ", "arrival_airport": "LAX", "arrival": "4:39 ", "operator": "United Airlines", "duration": "16h 39m ", "flightsNo": "United_Airlines_83", "aircraft": " Boeing 787-9 Dreamliner "}, "price": "$1197", "roundtrip": false, "currency": "KRW"}}