{"에티하드항공_87": {"outbound": {"departure_airport": "NRT", "departure": "21:55", "arrival_airport": "AMS", "arrival": "13:35", "operator": "에티하드항공", "duration": "22:40 ", "flightsNo": "에티하드항공_87", "aircraft": " Boeing 787-9 Dreamliner "}, "price": "642259", "roundtrip": false, "currency": "KRW"}, "카타르항공_80": {"outbound": {"departure_airport": "NRT", "departure": "22:30", "arrival_airport": "AMS", "arrival": "13:45", "operator": "카타르항공", "duration": "22:15 ", "flightsNo": "카타르항공_80", "aircraft": " Airbus A350-900 "}, "price": "642259", "roundtrip": false, "currency": "KRW"}, "KLM_86": {"outbound": {"departure_airport": "NRT", "departure": "23:00", "arrival_airport": "AMS", "arrival": "03:45", "operator": "KLM", "duration": "11:45 ", "flightsNo": "KLM_86", "aircraft": " Boeing 777-300ER "}, "price": "642259", "roundtrip": false, "currency": "KRW"}, "에어프랑스_27": {"outbound": {"departure_airport": "NRT", "departure": "10:35", "arrival_airport": "AMS", "arrival": "08:35", "operator": "에어프랑스", "duration": "29:00 ", "flightsNo": "에어프랑스_27", "aircraft": " Boeing 777-300ER "}, "price": "642259", "roundtrip": false, "currency": "KRW"}, "대한항공_70": {"outbound": {"departure_airport": "NRT", "departure": "17:20", "arrival_airport": "AMS", "arrival": "10:40", "operator": "대한항공, 영국항공 ", "duration": "48:20 ", "flightsNo": "대한항공_70", "aircraft": " Airbus A330-300 "}, "price": "642259", "roundtrip": false, "currency": "KRW"}, "유나이티드항공_794": {"outbound": {"departure_airport": "NRT", "departure": "17:00", "arrival_airport": "AMS", "arrival": "07:15", "operator": "유나이티드항공", "duration": "45:15 ", "flightsNo": "유나이티드항공_794", "aircraft": " Boeing 777-300ER "}, "price": "642259", "roundtrip": false, "currency": "KRW"}}