{"Jeju_Air_110": {"outbound": {"departure_airport": "NRT", "departure": "8:30 ", "arrival_airport": "ICN", "arrival": "11:35 ", "operator": "Jeju Air", "duration": "3h 05m ", "flightsNo": "Jeju_Air_110", "aircraft": " Boeing 737 "}, "price": "$113", "roundtrip": false, "currency": "KRW"}, "Asiana_Airlines_10": {"outbound": {"departure_airport": "NRT", "departure": "1:20 ", "arrival_airport": "ICN", "arrival": "3:50 ", "operator": "Asiana Airlines", "duration": "2h 30m ", "flightsNo": "Asiana_Airlines_10", "aircraft": " Airbus A321-100/200 "}, "price": "$113", "roundtrip": false, "currency": "KRW"}, "Korean_Air_70": {"outbound": {"departure_airport": "NRT", "departure": "5:20 ", "arrival_airport": "ICN", "arrival": "7:55 ", "operator": "Korean Air", "duration": "2h 35m ", "flightsNo": "Korean_Air_70", "aircraft": " Airbus A330-300 "}, "price": "$113", "roundtrip": false, "currency": "KRW"}, "Air_Canada_": {"outbound": {"departure_airport": "NRT", "departure": "4:50 ", "arrival_airport": "ICN", "arrival": "3:00 ", "operator": "Air Canada", "duration": "22h 10m ", "flightsNo": "Air_Canada_", "aircraft": " Boeing 777-300ER "}, "price": "$113", "roundtrip": false, "currency": "KRW"}}