{"아메리칸항공_6": {"outbound": {"departure_airport": "NRT", "departure": "10:00", "arrival_airport": "ATL", "arrival": "17:26", "operator": "아메리칸항공", "duration": "20:26 ", "flightsNo": "아메리칸항공_6", "aircraft": " Boeing 777-300ER "}, "price": "1886000", "roundtrip": false, "currency": "KRW"}, "델타항공_767": {"outbound": {"departure_airport": "NRT", "departure": "17:20", "arrival_airport": "ATL", "arrival": "10:10", "operator": "델타항공", "duration": "29:50 ", "flightsNo": "델타항공_767", "aircraft": " Airbus A330-300 "}, "price": "1886000", "roundtrip": false, "currency": "KRW"}}