{"아메리칸항공_6": {"outbound": {"departure_airport": "NRT", "departure": "10:00", "arrival_airport": "IAD", "arrival": "14:22", "operator": "아메리칸항공", "duration": "17:22 ", "flightsNo": "아메리칸항공_6", "aircraft": " Boeing 777-300ER "}, "price": "1391200", "roundtrip": false, "currency": "KRW"}, "KLM_86": {"outbound": {"departure_airport": "NRT", "departure": "23:00", "arrival_airport": "IAD", "arrival": "21:55", "operator": "KLM", "duration": "35:55 ", "flightsNo": "KLM_86", "aircraft": " Boeing 777-300ER "}, "price": "1391200", "roundtrip": false, "currency": "KRW"}}