{"American_Airlines_6": {"outbound": {"departure_airport": "NRT", "departure": "10:00 ", "arrival_airport": "SFO", "arrival": "12:27 ", "operator": "American Airlines", "duration": "18h 27m ", "flightsNo": "American_Airlines_6", "aircraft": " Boeing 777-300ER "}, "price": "$961", "roundtrip": false, "currency": "KRW"}, "Air_Canada_": {"outbound": {"departure_airport": "NRT", "departure": "4:50 ", "arrival_airport": "SFO", "arrival": "1:30 ", "operator": "Air Canada", "duration": "12h 40m ", "flightsNo": "Air_Canada_", "aircraft": " Boeing 777-300ER "}, "price": "$961", "roundtrip": false, "currency": "KRW"}, "KLM_86": {"outbound": {"departure_airport": "NRT", "departure": "11:00 ", "arrival_airport": "SFO", "arrival": "9:10 ", "operator": "KLM", "duration": "38h 10m ", "flightsNo": "KLM_86", "aircraft": " Boeing 777-300ER "}, "price": "$961", "roundtrip": false, "currency": "KRW"}}