{"KLM_86": {"outbound": {"departure_airport": "NRT", "departure": "23:00", "arrival_airport": "TXL", "arrival": "11:30", "operator": "KLM", "duration": "19:30 ", "flightsNo": "KLM_86", "aircraft": " Boeing 777-300ER "}, "price": "1880700", "roundtrip": false, "currency": "KRW"}, "유나이티드항공_83": {"outbound": {"departure_airport": "NRT", "departure": "16:00", "arrival_airport": "TXL", "arrival": "15:55", "operator": "유나이티드항공", "duration": "30:55 ", "flightsNo": "유나이티드항공_83", "aircraft": " Boeing 787-9 Dreamliner "}, "price": "1880700", "roundtrip": false, "currency": "KRW"}}