{"제주항공_110": {"outbound": {"departure_airport": "NRT", "departure": "18:30", "arrival_airport": "DAD", "arrival": "13:20", "operator": "제주항공", "duration": "20:50 ", "flightsNo": "제주항공_110", "aircraft": " Boeing 737 "}, "price": "270220", "roundtrip": false, "currency": "KRW"}, "제주항공_115": {"outbound": {"departure_airport": "NRT", "departure": "14:00", "arrival_airport": "DAD", "arrival": "12:10", "operator": "제주항공", "duration": "24:10 ", "flightsNo": "제주항공_115", "aircraft": " Boeing 737-800 "}, "price": "270220", "roundtrip": false, "currency": "KRW"}, "일본항공_(JAL)_2": {"outbound": {"departure_airport": "NRT", "departure": "09:50", "arrival_airport": "DAD", "arrival": "07:25", "operator": "일본항공 (JAL), 캄보디아앙코르항공 ", "duration": "23:35 ", "flightsNo": "일본항공_(JAL)_2", "aircraft": " Boeing 787-9 Dreamliner "}, "price": "270220", "roundtrip": false, "currency": "KRW"}}