{"Air_France_27": {"outbound": {"departure_airport": "NRT", "departure": "10:35 ", "arrival_airport": "CDG", "arrival": "4:10 ", "operator": "Air France", "duration": "12h 35m ", "flightsNo": "Air_France_27", "aircraft": " Boeing 777-300ER "}, "price": "$1997", "roundtrip": false, "currency": "KRW"}, "Etihad_Airways_87": {"outbound": {"departure_airport": "NRT", "departure": "9:55 ", "arrival_airport": "CDG", "arrival": "12:50 ", "operator": "Etihad Airways", "duration": "21h 55m ", "flightsNo": "Etihad_Airways_87", "aircraft": " Boeing 787-9 Dreamliner "}, "price": "$1997", "roundtrip": false, "currency": "KRW"}, "Air_France_513": {"outbound": {"departure_airport": "NRT", "departure": "11:00 ", "arrival_airport": "CDG", "arrival": "9:45 ", "operator": "Air France", "duration": "17h 45m ", "flightsNo": "Air_France_513", "aircraft": " Boeing 777-300ER "}, "price": "$1997", "roundtrip": false, "currency": "KRW"}, "United_Airlines_792": {"outbound": {"departure_airport": "NRT", "departure": "5:10 ", "arrival_airport": "CDG", "arrival": "1:40 ", "operator": "United Airlines", "duration": "27h 30m ", "flightsNo": "United_Airlines_792", "aircraft": " Boeing 777-300ER "}, "price": "$1997", "roundtrip": false, "currency": "KRW"}}