{"Etihad_Airways_87": {"outbound": {"departure_airport": "NRT", "departure": "9:55 ", "arrival_airport": "FRA", "arrival": "12:35 ", "operator": "Etihad Airways", "duration": "21h 40m ", "flightsNo": "Etihad_Airways_87", "aircraft": " Boeing 787-9 Dreamliner "}, "price": "$502", "roundtrip": false, "currency": "KRW"}, "Qatar_Airways_80": {"outbound": {"departure_airport": "NRT", "departure": "10:30 ", "arrival_airport": "FRA", "arrival": "1:30 ", "operator": "Qatar Airways", "duration": "22h 00m ", "flightsNo": "Qatar_Airways_80", "aircraft": " Airbus A350-900 "}, "price": "$502", "roundtrip": false, "currency": "KRW"}, "Korean_Air_70": {"outbound": {"departure_airport": "NRT", "departure": "5:20 ", "arrival_airport": "FRA", "arrival": "5:40 ", "operator": "Korean Air", "duration": "31h 20m ", "flightsNo": "Korean_Air_70", "aircraft": " Airbus A330-300 "}, "price": "$502", "roundtrip": false, "currency": "KRW"}, "Asiana_Airlines_10": {"outbound": {"departure_airport": "NRT", "departure": "1:20 ", "arrival_airport": "FRA", "arrival": "1:15 ", "operator": "Asiana Airlines, Emirates ", "duration": "30h 55m ", "flightsNo": "Asiana_Airlines_10", "aircraft": " Airbus A321-100/200 "}, "price": "$502", "roundtrip": false, "currency": "KRW"}, "KLM_86": {"outbound": {"departure_airport": "NRT", "departure": "11:00 ", "arrival_airport": "FRA", "arrival": "11:15 ", "operator": "KLM", "duration": "19h 15m ", "flightsNo": "KLM_86", "aircraft": " Boeing 777-300ER "}, "price": "$502", "roundtrip": false, "currency": "KRW"}, "Air_France_513": {"outbound": {"departure_airport": "NRT", "departure": "11:00 ", "arrival_airport": "FRA", "arrival": "5:30 ", "operator": "Air France", "duration": "25h 30m ", "flightsNo": "Air_France_513", "aircraft": " Boeing 777-300ER "}, "price": "$502", "roundtrip": false, "currency": "KRW"}, "KLM_229": {"outbound": {"departure_airport": "NRT", "departure": "10:35 ", "arrival_airport": "FRA", "arrival": "11:15 ", "operator": "KLM", "duration": "31h 40m ", "flightsNo": "KLM_229", "aircraft": " Boeing 777-300ER "}, "price": "$502", "roundtrip": false, "currency": "KRW"}, "ANA_697": {"outbound": {"departure_airport": "NRT", "departure": "1:20 ", "arrival_airport": "FRA", "arrival": "5:40 ", "operator": "ANA, Korean Air ", "duration": "35h 20m ", "flightsNo": "ANA_697", "aircraft": " Airbus A321-100/200 "}, "price": "$502", "roundtrip": false, "currency": "KRW"}}