{"카타르항공_80": {"outbound": {"departure_airport": "NRT", "departure": "22:30", "arrival_airport": "HEL", "arrival": "19:20", "operator": "카타르항공, 핀에어 ", "duration": "26:50 ", "flightsNo": "카타르항공_80", "aircraft": " Airbus A350-900 "}, "price": "965800", "roundtrip": false, "currency": "KRW"}, "KLM_86": {"outbound": {"departure_airport": "NRT", "departure": "23:00", "arrival_airport": "HEL", "arrival": "12:15", "operator": "KLM", "duration": "19:15 ", "flightsNo": "KLM_86", "aircraft": " Boeing 777-300ER "}, "price": "965800", "roundtrip": false, "currency": "KRW"}, "대한항공_70": {"outbound": {"departure_airport": "NRT", "departure": "17:20", "arrival_airport": "HEL", "arrival": "23:10", "operator": "대한항공, 핀에어 ", "duration": "35:50 ", "flightsNo": "대한항공_70", "aircraft": " Airbus A330-300 "}, "price": "965800", "roundtrip": false, "currency": "KRW"}, "유나이티드항공_792": {"outbound": {"departure_airport": "NRT", "departure": "17:10", "arrival_airport": "HEL", "arrival": "14:55", "operator": "유나이티드항공", "duration": "27:45 ", "flightsNo": "유나이티드항공_792", "aircraft": " Boeing 777-300ER "}, "price": "965800", "roundtrip": false, "currency": "KRW"}}