{"아시아나항공_10": {"outbound": {"departure_airport": "NRT", "departure": "13:20", "arrival_airport": "PUS", "arrival": "20:25", "operator": "아시아나항공", "duration": "7:05 ", "flightsNo": "아시아나항공_10", "aircraft": " Airbus A321-100/200 "}, "price": "407229", "roundtrip": false, "currency": "KRW"}, "대한항공_70": {"outbound": {"departure_airport": "NRT", "departure": "17:20", "arrival_airport": "PUS", "arrival": "09:05", "operator": "대한항공", "duration": "15:45 ", "flightsNo": "대한항공_70", "aircraft": " Airbus A330-300 "}, "price": "407229", "roundtrip": false, "currency": "KRW"}}