{"중국국제항공_188": {"outbound": {"departure_airport": "PEK", "departure": "20:20", "arrival_airport": "ATL", "arrival": "16:47", "operator": "항공사 조합", "duration": "56:27 ", "flightsNo": "중국국제항공_188", "aircraft": " Airbus A330-300 "}, "price": "2634330", "roundtrip": false, "currency": "KRW"}, "캐세이드래곤_90": {"outbound": {"departure_airport": "PEK", "departure": "12:05", "arrival_airport": "ATL", "arrival": "14:17", "operator": "항공사 조합", "duration": "38:12 ", "flightsNo": "캐세이드래곤_90", "aircraft": " Airbus A330-300 "}, "price": "2634330", "roundtrip": false, "currency": "KRW"}, "중국국제항공_151": {"outbound": {"departure_airport": "PEK", "departure": "15:30", "arrival_airport": "ATL", "arrival": "13:50", "operator": "항공사 조합", "duration": "34:20 ", "flightsNo": "중국국제항공_151", "aircraft": " Airbus A321-100/200 "}, "price": "2634330", "roundtrip": false, "currency": "KRW"}, "중국국제항공_130": {"outbound": {"departure_airport": "PEK", "departure": "18:00", "arrival_airport": "D90 ", "arrival": "17:50", "operator": "항공사 조합", "duration": "59:50 ", "flightsNo": "중국국제항공_130", "aircraft": " Boeing 787-9 Dreamliner "}, "price": "2634330", "roundtrip": false, "currency": "KRW"}, "중국남방항공_310": {"outbound": {"departure_airport": "PEK", "departure": "18:30", "arrival_airport": "ATL", "arrival": "18:15", "operator": "항공사 조합", "duration": "35:45 ", "flightsNo": "중국남방항공_310", "aircraft": " Boeing 787-8 Dreamliner "}, "price": "2634330", "roundtrip": false, "currency": "KRW"}, "중국국제항공_150": {"outbound": {"departure_airport": "PEK", "departure": "08:30", "arrival_airport": "ATL", "arrival": "13:50", "operator": "항공사 조합", "duration": "41:20 ", "flightsNo": "중국국제항공_150", "aircraft": " Airbus A350-900 "}, "price": "2634330", "roundtrip": false, "currency": "KRW"}, "중국국제항공_135": {"outbound": {"departure_airport": "PEK", "departure": "08:00", "arrival_airport": "ATL", "arrival": "13:50", "operator": "중국국제항공, 에어프랑스 ", "duration": "41:50 ", "flightsNo": "중국국제항공_135", "aircraft": " Boeing 787-9 Dreamliner "}, "price": "2634330", "roundtrip": false, "currency": "KRW"}, "중국국제항공_132": {"outbound": {"departure_airport": "PEK", "departure": "14:00", "arrival_airport": "ATL", "arrival": "13:50", "operator": "중국국제항공, 에어프랑스 ", "duration": "35:50 ", "flightsNo": "중국국제항공_132", "aircraft": " Airbus A350-900 "}, "price": "2634330", "roundtrip": false, "currency": "KRW"}, "중국국제항공_137": {"outbound": {"departure_airport": "PEK", "departure": "19:05", "arrival_airport": "ATL", "arrival": "13:50", "operator": "중국국제항공, 에어프랑스 ", "duration": "30:45 ", "flightsNo": "중국국제항공_137", "aircraft": " Boeing 787-9 Dreamliner "}, "price": "2634330", "roundtrip": false, "currency": "KRW"}}