{"중국남방항공_316": {"outbound": {"departure_airport": "PEK", "departure": "14:30", "arrival_airport": "CDG", "arrival": "06:50", "operator": "중국남방항공, 에어프랑스 ", "duration": "22:20 ", "flightsNo": "중국남방항공_316", "aircraft": " Airbus A330 "}, "price": "4125450", "roundtrip": false, "currency": "KRW"}, "중국남방항공_310": {"outbound": {"departure_airport": "PEK", "departure": "13:30", "arrival_airport": "CDG", "arrival": "06:50", "operator": "중국남방항공, 에어프랑스 ", "duration": "23:20 ", "flightsNo": "중국남방항공_310", "aircraft": " Boeing 787-8 Dreamliner "}, "price": "4125450", "roundtrip": false, "currency": "KRW"}, "중국국제항공_99": {"outbound": {"departure_airport": "PEK", "departure": "15:25", "arrival_airport": "CDG", "arrival": "09:30", "operator": "중국국제항공, 에어캐나다 ", "duration": "48:05 ", "flightsNo": "중국국제항공_99", "aircraft": " Boeing 777-300ER "}, "price": "4125450", "roundtrip": false, "currency": "KRW"}}