{"캐세이드래곤_90": {"outbound": {"departure_airport": "PEK", "departure": "12:05", "arrival_airport": "SFO", "arrival": "22:45", "operator": "캐세이드래곤, 캐세이퍼시픽 ", "duration": "25:40 ", "flightsNo": "캐세이드래곤_90", "aircraft": " Airbus A330-300 "}, "price": "2558162", "roundtrip": false, "currency": "KRW"}, "중국국제항공_188": {"outbound": {"departure_airport": "PEK", "departure": "20:20", "arrival_airport": "SFO", "arrival": "17:20", "operator": "항공사 조합", "duration": "60:00 ", "flightsNo": "중국국제항공_188", "aircraft": " Airbus A330-300 "}, "price": "2558162", "roundtrip": false, "currency": "KRW"}, "중국국제항공_99": {"outbound": {"departure_airport": "PEK", "departure": "15:25", "arrival_airport": "SFO", "arrival": "11:05", "operator": "중국국제항공, 에어캐나다 ", "duration": "34:40 ", "flightsNo": "중국국제항공_99", "aircraft": " Boeing 777-300ER "}, "price": "2558162", "roundtrip": false, "currency": "KRW"}}