{"산동항공_115": {"outbound": {"departure_airport": "PEK", "departure": "06:55", "arrival_airport": "NRT", "arrival": "20:55", "operator": "항공사 조합", "duration": "37:00 ", "flightsNo": "산동항공_115", "aircraft": " Boeing 737-800 "}, "price": "832728", "roundtrip": false, "currency": "KRW"}, "산동항공_499": {"outbound": {"departure_airport": "PEK", "departure": "22:15", "arrival_airport": "NRT", "arrival": "20:55", "operator": "항공사 조합", "duration": "21:40 ", "flightsNo": "산동항공_499", "aircraft": " Boeing 737-800 "}, "price": "832728", "roundtrip": false, "currency": "KRW"}, "중국국제항공_188": {"outbound": {"departure_airport": "PEK", "departure": "20:20", "arrival_airport": "NRT", "arrival": "20:55", "operator": "항공사 조합", "duration": "23:35 ", "flightsNo": "중국국제항공_188", "aircraft": " Airbus A330-300 "}, "price": "832728", "roundtrip": false, "currency": "KRW"}, "산동항공_465": {"outbound": {"departure_airport": "PEK", "departure": "23:35", "arrival_airport": "NRT", "arrival": "20:55", "operator": "항공사 조합", "duration": "20:20 ", "flightsNo": "산동항공_465", "aircraft": " Boeing 737 "}, "price": "832728", "roundtrip": false, "currency": "KRW"}, "중국국제항공_181": {"outbound": {"departure_airport": "PEK", "departure": "16:30", "arrival_airport": "NRT", "arrival": "20:55", "operator": "항공사 조합", "duration": "27:25 ", "flightsNo": "중국국제항공_181", "aircraft": " Airbus A321-100/200 "}, "price": "832728", "roundtrip": false, "currency": "KRW"}, "중국국제항공_170": {"outbound": {"departure_airport": "PEK", "departure": "19:10", "arrival_airport": "NRT", "arrival": "20:55", "operator": "항공사 조합", "duration": "24:45 ", "flightsNo": "중국국제항공_170", "aircraft": " Airbus A321-100/200 "}, "price": "832728", "roundtrip": false, "currency": "KRW"}, "중국국제항공_158": {"outbound": {"departure_airport": "PEK", "departure": "20:30", "arrival_airport": "NRT", "arrival": "20:55", "operator": "항공사 조합", "duration": "23:25 ", "flightsNo": "중국국제항공_158", "aircraft": " Airbus A321-100/200 "}, "price": "832728", "roundtrip": false, "currency": "KRW"}, "중국국제항공_140": {"outbound": {"departure_airport": "PEK", "departure": "15:35", "arrival_airport": "NRT", "arrival": "20:55", "operator": "항공사 조합", "duration": "28:20 ", "flightsNo": "중국국제항공_140", "aircraft": " Boeing 737-800 "}, "price": "832728", "roundtrip": false, "currency": "KRW"}, "중국동방항공_545": {"outbound": {"departure_airport": "PEK", "departure": "18:00", "arrival_airport": "NRT", "arrival": "20:55", "operator": "항공사 조합", "duration": "25:55 ", "flightsNo": "중국동방항공_545", "aircraft": " Airbus A321-100/200 "}, "price": "832728", "roundtrip": false, "currency": "KRW"}, "중국국제항공_99": {"outbound": {"departure_airport": "PEK", "departure": "15:25", "arrival_airport": "NRT", "arrival": "16:30", "operator": "중국국제항공, 일본항공 (JAL) ", "duration": "24:05 ", "flightsNo": "중국국제항공_99", "aircraft": " Boeing 777-300ER "}, "price": "832728", "roundtrip": false, "currency": "KRW"}}