{"대한항공_112": {"outbound": {"departure_airport": "PUS", "departure": "20:55", "arrival_airport": "ATL", "arrival": "10:10", "operator": "대한항공", "duration": "26:15 ", "flightsNo": "대한항공_112", "aircraft": " Airbus A220-300 "}, "price": "3049929", "roundtrip": false, "currency": "KRW"}, "KLM_983": {"outbound": {"departure_airport": "PUS", "departure": "18:55", "arrival_airport": "ATL", "arrival": "18:15", "operator": "KLM", "duration": "36:20 ", "flightsNo": "KLM_983", "aircraft": " Airbus A220-300 "}, "price": "3049929", "roundtrip": false, "currency": "KRW"}}