{"대한항공_110": {"outbound": {"departure_airport": "PUS", "departure": "09:40", "arrival_airport": "CDG", "arrival": "18:30", "operator": "대한항공", "duration": "15:50 ", "flightsNo": "대한항공_110", "aircraft": " Airbus A220-300 "}, "price": "1245700", "roundtrip": false, "currency": "KRW"}, "대한항공_112": {"outbound": {"departure_airport": "PUS", "departure": "17:40", "arrival_airport": "CDG", "arrival": "10:50", "operator": "대한항공, KLM ", "duration": "24:10 ", "flightsNo": "대한항공_112", "aircraft": " Airbus A220-300 "}, "price": "1245700", "roundtrip": false, "currency": "KRW"}, "KLM_983": {"outbound": {"departure_airport": "PUS", "departure": "18:55", "arrival_airport": "CDG", "arrival": "10:50", "operator": "KLM", "duration": "22:55 ", "flightsNo": "KLM_983", "aircraft": " Airbus A220-300 "}, "price": "1245700", "roundtrip": false, "currency": "KRW"}, "대한항공_111": {"outbound": {"departure_airport": "PUS", "departure": "16:40", "arrival_airport": "CDG", "arrival": "10:50", "operator": "대한항공, KLM ", "duration": "25:10 ", "flightsNo": "대한항공_111", "aircraft": " Airbus A220-300 "}, "price": "1245700", "roundtrip": false, "currency": "KRW"}}