{"티웨이항공_986": {"outbound": {"departure_airport": "PUS", "departure": "09:10", "arrival_airport": "GMP", "arrival": "10:10", "operator": "티웨이항공", "duration": "1:00 ", "flightsNo": "티웨이항공_986", "aircraft": " Boeing 737 "}, "price": "27224", "roundtrip": false, "currency": "KRW"}, "티웨이항공_987": {"outbound": {"departure_airport": "PUS", "departure": "08:30", "arrival_airport": "GMP", "arrival": "09:35", "operator": "티웨이항공", "duration": "1:05 ", "flightsNo": "티웨이항공_987", "aircraft": " Boeing 737 "}, "price": "27224", "roundtrip": false, "currency": "KRW"}, "에어부산_880": {"outbound": {"departure_airport": "PUS", "departure": "09:00", "arrival_airport": "GMP", "arrival": "09:55", "operator": "에어부산", "duration": "0:55 ", "flightsNo": "에어부산_880", "aircraft": " Airbus A321-100/200 "}, "price": "27224", "roundtrip": false, "currency": "KRW"}, "대한항공_111": {"outbound": {"departure_airport": "PUS", "departure": "16:40", "arrival_airport": "GMP", "arrival": "17:40", "operator": "대한항공", "duration": "1:00 ", "flightsNo": "대한항공_111", "aircraft": " Airbus A220-300 "}, "price": "27224", "roundtrip": false, "currency": "KRW"}, "아시아나항공_881": {"outbound": {"departure_airport": "PUS", "departure": "14:00", "arrival_airport": "GMP", "arrival": "14:55", "operator": "아시아나항공", "duration": "0:55 ", "flightsNo": "아시아나항공_881", "aircraft": " Airbus A320-100/200 "}, "price": "27224", "roundtrip": false, "currency": "KRW"}, "대한항공_107": {"outbound": {"departure_airport": "PUS", "departure": "09:00", "arrival_airport": "GMP", "arrival": "18:05", "operator": "대한항공", "duration": "9:05 ", "flightsNo": "대한항공_107", "aircraft": " Boeing 737-900 "}, "price": "27224", "roundtrip": false, "currency": "KRW"}}