{"에어부산_811": {"outbound": {"departure_airport": "PUS", "departure": "14:40", "arrival_airport": "CJU", "arrival": "15:40", "operator": "에어부산", "duration": "1:00 ", "flightsNo": "에어부산_811", "aircraft": " Airbus A321-100/200 "}, "price": "16900", "roundtrip": false, "currency": "KRW"}, "대한항공_100": {"outbound": {"departure_airport": "PUS", "departure": "08:30", "arrival_airport": "CJU", "arrival": "09:30", "operator": "대한항공", "duration": "1:00 ", "flightsNo": "대한항공_100", "aircraft": " Boeing 737-900 "}, "price": "16900", "roundtrip": false, "currency": "KRW"}, "아시아나항공_810": {"outbound": {"departure_airport": "PUS", "departure": "12:00", "arrival_airport": "CJU", "arrival": "13:00", "operator": "아시아나항공", "duration": "1:00 ", "flightsNo": "아시아나항공_810", "aircraft": " Airbus A320-100/200 "}, "price": "16900", "roundtrip": false, "currency": "KRW"}}