{"대한항공_112": {"outbound": {"departure_airport": "PUS", "departure": "20:55", "arrival_airport": "TXL", "arrival": "11:30", "operator": "대한항공, KLM ", "duration": "21:35 ", "flightsNo": "대한항공_112", "aircraft": " Airbus A220-300 "}, "price": "1544400", "roundtrip": false, "currency": "KRW"}, "대한항공_110": {"outbound": {"departure_airport": "PUS", "departure": "09:40", "arrival_airport": "TXL", "arrival": "14:30", "operator": "대한항공, 에어프랑스 ", "duration": "35:50 ", "flightsNo": "대한항공_110", "aircraft": " Airbus A220-300 "}, "price": "1544400", "roundtrip": false, "currency": "KRW"}}