{"아시아나항공_880": {"outbound": {"departure_airport": "PUS", "departure": "09:00", "arrival_airport": "LAX", "arrival": "09:50", "operator": "아시아나항공", "duration": "16:50 ", "flightsNo": "아시아나항공_880", "aircraft": " Airbus A320-100/200 "}, "price": "1019178", "roundtrip": false, "currency": "KRW"}, "대한항공_110": {"outbound": {"departure_airport": "PUS", "departure": "09:40", "arrival_airport": "LAX", "arrival": "09:50", "operator": "대한항공, 아시아나항공 ", "duration": "16:10 ", "flightsNo": "대한항공_110", "aircraft": " Airbus A220-300 "}, "price": "1019178", "roundtrip": false, "currency": "KRW"}, "대한항공_111": {"outbound": {"departure_airport": "PUS", "departure": "12:55", "arrival_airport": "LAX", "arrival": "14:50", "operator": "대한항공", "duration": "17:55 ", "flightsNo": "대한항공_111", "aircraft": " Airbus A220-300 "}, "price": "1019178", "roundtrip": false, "currency": "KRW"}, "아시아나항공_813": {"outbound": {"departure_airport": "PUS", "departure": "07:55", "arrival_airport": "LAX", "arrival": "09:50", "operator": "아시아나항공", "duration": "17:55 ", "flightsNo": "아시아나항공_813", "aircraft": " Airbus A321-100/200 "}, "price": "1019178", "roundtrip": false, "currency": "KRW"}, "KLM_983": {"outbound": {"departure_airport": "PUS", "departure": "18:55", "arrival_airport": "LAX", "arrival": "17:40", "operator": "KLM", "duration": "38:45 ", "flightsNo": "KLM_983", "aircraft": " Airbus A220-300 "}, "price": "1019178", "roundtrip": false, "currency": "KRW"}}