{"United_Airlines_548": {"outbound": {"departure_airport": "SFO", "departure": "3:00 ", "arrival_airport": "LAX", "arrival": "4:39 ", "operator": "United Airlines", "duration": "1h 39m ", "flightsNo": "United_Airlines_548", "aircraft": " Embraer 175 (Enhanced Winglets) "}, "price": "$122", "roundtrip": false, "currency": "KRW"}, "United_Airlines_547": {"outbound": {"departure_airport": "SFO", "departure": "8:15 ", "arrival_airport": "LAX", "arrival": "10:03 ", "operator": "United Airlines", "duration": "1h 48m ", "flightsNo": "United_Airlines_547", "aircraft": " Embraer 175 (Enhanced Winglets) "}, "price": "$122", "roundtrip": false, "currency": "KRW"}, "Alaska_Airlines_337": {"outbound": {"departure_airport": "SFO", "departure": "1:30 ", "arrival_airport": "LAX", "arrival": "3:18 ", "operator": "Alaska Airlines", "duration": "1h 48m ", "flightsNo": "Alaska_Airlines_337", "aircraft": " Embraer 175 "}, "price": "$122", "roundtrip": false, "currency": "KRW"}, "Alaska_Airlines_339": {"outbound": {"departure_airport": "SFO", "departure": "7:00 ", "arrival_airport": "LAX", "arrival": "8:48 ", "operator": "Alaska Airlines", "duration": "1h 48m ", "flightsNo": "Alaska_Airlines_339", "aircraft": " Embraer 175 "}, "price": "$122", "roundtrip": false, "currency": "KRW"}, "Alaska_Airlines_332": {"outbound": {"departure_airport": "SFO", "departure": "5:20 ", "arrival_airport": "LAX", "arrival": "7:08 ", "operator": "Alaska Airlines", "duration": "1h 48m ", "flightsNo": "Alaska_Airlines_332", "aircraft": " Embraer 175 "}, "price": "$122", "roundtrip": false, "currency": "KRW"}, "Alaska_Airlines_333": {"outbound": {"departure_airport": "SFO", "departure": "7:00 ", "arrival_airport": "LAX", "arrival": "8:48 ", "operator": "Alaska Airlines", "duration": "1h 48m ", "flightsNo": "Alaska_Airlines_333", "aircraft": " Embraer 175 "}, "price": "$122", "roundtrip": false, "currency": "KRW"}}