{"Asiana_Airlines_21": {"outbound": {"departure_airport": "SFO", "departure": "11:55 ", "arrival_airport": "ICN", "arrival": "5:00 ", "operator": "Asiana Airlines", "duration": "13h 05m ", "flightsNo": "Asiana_Airlines_21", "aircraft": " Airbus A350-900 "}, "price": "$961", "roundtrip": false, "currency": "KRW"}, "United_Airlines_72": {"outbound": {"departure_airport": "SFO", "departure": "1:30 ", "arrival_airport": "ICN", "arrival": "5:20 ", "operator": "United Airlines", "duration": "35h 50m ", "flightsNo": "United_Airlines_72", "aircraft": " Airbus A319 "}, "price": "$961", "roundtrip": false, "currency": "KRW"}, "KLM_505": {"outbound": {"departure_airport": "SFO", "departure": "7:30 ", "arrival_airport": "ICN", "arrival": "2:55 ", "operator": "KLM", "duration": "39h 25m ", "flightsNo": "KLM_505", "aircraft": " Boeing 757-200 (winglets) "}, "price": "$961", "roundtrip": false, "currency": "KRW"}}